titles,fitness
2019 C.T. Bauer College of Business Graduate (Magna Cum Laude) and aspiring Human Resources professional,0.028659543584203556
Native English Teacher at EPIK (English Program in Korea),0.2868270420003084
Aspiring Human Resources Professional,0.04644592827819992
People Development Coordinator at Ryan,0.0357228513657355
Advisory Board Member at Celal Bayar University,0.14865782599231664
Aspiring Human Resources Specialist,0.281644163146845
Student at Humber College and Aspiring Human Resources Generalist,0.05538885506357989
HR Senior Specialist,0.281644163146845
Student at Humber College and Aspiring Human Resources Generalist,0.14904332370799978
Seeking Human Resources HRIS and Generalist Positions,0.055595184485125966
Student at Chapman University,0.024053119608804192
"SVP, CHRO, Marketing & Communications, CSR Officer | ENGIE | Houston | The Woodlands | Energy | GPHR | SPHR",0.06358818000176764
Human Resources Coordinator at InterContinental Buckhead Atlanta,0.9999999999999998
2019 C.T. Bauer College of Business Graduate (Magna Cum Laude) and aspiring Human Resources professional,0.9999999999999998
2019 C.T. Bauer College of Business Graduate (Magna Cum Laude) and aspiring Human Resources professional,0.028659543584203556
Native English Teacher at EPIK (English Program in Korea),0.2868270420003084
Aspiring Human Resources Professional,0.04644592827819992
People Development Coordinator at Ryan,0.9999999999999998
2019 C.T. Bauer College of Business Graduate (Magna Cum Laude) and aspiring Human Resources professional,0.028659543584203556
Native English Teacher at EPIK (English Program in Korea),0.2868270420003084
Aspiring Human Resources Professional,0.04644592827819992
People Development Coordinator at Ryan,0.0357228513657355
Advisory Board Member at Celal Bayar University,0.14865782599231664
Aspiring Human Resources Specialist,0.281644163146845
Student at Humber College and Aspiring Human Resources Generalist,0.05538885506357989
HR Senior Specialist,0.07464012803086899
Aspiring Human Resources Management student seeking an internship,0.12378939825493249
Seeking Human Resources Opportunities,0.07464012803086899
Aspiring Human Resources Management student seeking an internship,0.12378939825493249
Seeking Human Resources Opportunities,0.9999999999999998
2019 C.T. Bauer College of Business Graduate (Magna Cum Laude) and aspiring Human Resources professional,0.028659543584203556
Native English Teacher at EPIK (English Program in Korea),0.2868270420003084
Aspiring Human Resources Professional,0.04644592827819992
People Development Coordinator at Ryan,0.0357228513657355
Advisory Board Member at Celal Bayar University,0.14865782599231664
Aspiring Human Resources Specialist,0.281644163146845
Student at Humber College and Aspiring Human Resources Generalist,0.05538885506357989
HR Senior Specialist,0.281644163146845
Student at Humber College and Aspiring Human Resources Generalist,0.14904332370799978
Seeking Human Resources HRIS and Generalist Positions,0.055595184485125966
Student at Chapman University,0.024053119608804192
"SVP, CHRO, Marketing & Communications, CSR Officer | ENGIE | Houston | The Woodlands | Energy | GPHR | SPHR",0.06358818000176764
Human Resources Coordinator at InterContinental Buckhead Atlanta,0.9999999999999998
2019 C.T. Bauer College of Business Graduate (Magna Cum Laude) and aspiring Human Resources professional,0.028659543584203556
Native English Teacher at EPIK (English Program in Korea),0.2868270420003084
Aspiring Human Resources Professional,0.04644592827819992
People Development Coordinator at Ryan,0.0357228513657355
Advisory Board Member at Celal Bayar University,0.14865782599231664
Aspiring Human Resources Specialist,0.281644163146845
Student at Humber College and Aspiring Human Resources Generalist,0.05538885506357989
HR Senior Specialist,0.281644163146845
Student at Humber College and Aspiring Human Resources Generalist,0.14904332370799978
Seeking Human Resources HRIS and Generalist Positions,0.055595184485125966
Student at Chapman University,0.024053119608804192
"SVP, CHRO, Marketing & Communications, CSR Officer | ENGIE | Houston | The Woodlands | Energy | GPHR | SPHR",0.06358818000176764
Human Resources Coordinator at InterContinental Buckhead Atlanta,0.9999999999999998
2019 C.T. Bauer College of Business Graduate (Magna Cum Laude) and aspiring Human Resources professional,0.2868270420003084
Aspiring Human Resources Professional,0.04644592827819992
People Development Coordinator at Ryan,0.14865782599231664
Aspiring Human Resources Specialist,0.05538885506357989
HR Senior Specialist,0.14904332370799978
Seeking Human Resources HRIS and Generalist Positions,0.055595184485125966
Student at Chapman University,0.024053119608804192
"SVP, CHRO, Marketing & Communications, CSR Officer | ENGIE | Houston | The Woodlands | Energy | GPHR | SPHR",0.06358818000176764
Human Resources Coordinator at InterContinental Buckhead Atlanta,0.22026495228743428
Experienced Retail Manager and aspiring Human Resources Professional,0.19312759403500038
"Human Resources, Staffing and Recruiting Professional",0.07791633657466861
Human Resources Specialist at Luxottica,0.14759344396611432
"Director of Human Resources North America, Groupe Beneteau",0.05044006754371039
"Retired Army National Guard Recruiter, office manager,  seeking a position in Human Resources.",0.06434129079196037
"Human Resources Generalist at ScottMadden, Inc.",0.15318229516889523
Business Management Major and Aspiring Human Resources Manager,0.12277429287595307
"Aspiring Human Resources Manager, seeking internship in Human Resources.",0.2565247236252691
Human Resources Professional,0.047347006361161154
"Nortia Staffing is seeking Human Resources, Payroll & Administrative Professionals!!  (408) 709-2621",0.11192534212004326
Aspiring Human Resources Professional | Passionate about helping to create an inclusive and engaging work environment,0.037818215210146076
"Human Resources|
Conflict Management|
Policies & Procedures|Talent Management|Benefits & Compensation",0.078585800777444
Human Resources Generalist at Schwan's,0.08965559750778004
Liberal Arts Major. Aspiring Human Resources Analyst.,0.03190411229001504
Junior MES Engineer| Information Systems,0.15658866415210432
Senior Human Resources Business Partner at Heil Environmental,0.1543725007032745
Aspiring Human Resources Professional | An energetic and Team-Focused Leader,0.03172264646139736
HR Manager at Endemol Shine North America,0.0916337406457462
Human Resources professional for the world leader in GIS software,0.024699003886816874
RRP Brand Portfolio Executive at JTI (Japan Tobacco International),0.0875559183936525
Information Systems Specialist and Programmer with a love for data and organization.,0.15191658902380714
Bachelor of Science in Biology from Victoria University of Wellington,0.08251956858854183
Human Resources Management Major,0.1000250346226183
Director Human Resources  at EY,0.03099780328615533
Undergraduate Research Assistant at Styczynski Lab,0.03299445859270814
Lead Official at Western Illinois University,0.024720503866526498
Seeking employment opportunities within Customer Service or Patient Care,0.026354755734329778
Admissions Representative at Community medical center long beach,0.10373765877635659
Seeking Human  Resources Opportunities. Open to travel and relocation.,0.041171733659632295
Student at Westfield State University,0.12194267221876377
"Student at Indiana University Kokomo - Business Management - 
Retail Manager at Delphi Hardware and Paint",0.2868270420003084
Aspiring Human Resources Professional,0.10747983628006295
Student,0.1206273203721892
Seeking Human Resources Position,0.06776483012338771
Aspiring Human Resources Manager | Graduating May 2020 | Seeking an Entry-Level Human Resources Position in St. Louis,0.078585800777444
Human Resources Generalist at Loparex,0.08035102936683289
Business Intelligence and Analytics at Travelers,0.029343732709170917
Always set them up for Success,0.12338657547375173
